{"cameraMode":{"drawMode":0,"name":"Shaded","section":"Shading Mode"},"sceneLighting":false,"audioPlay":false,"sceneViewState":{"showFog":false,"showMaterialUpdate":false,"showSkybox":false,"showFlares":false,"showImageEffects":false,"showParticleSystems":false},"in2DMode":false,"pivot":{"x":-5.899260997772217,"y":-119.86332702636719,"z":137.9337158203125},"rotation":{"x":0.38649672269821169,"y":-0.016599878668785096,"z":0.006957686971873045,"w":0.9221157431602478},"size":220.9933624267578,"orthographic":false}